,Intercept,Beta
ABNR 1mo,0.04516697405717429,0.17065507054174203
ABNR 2mo,0.047404486963493024,0.1337001974239419
ABNR 3mo,0.04616378588504591,0.15871801374014458
ABPR 1mo,0.05943425743422912,0.16860107626651233
ABPR 2mo,0.0600133008717152,0.16393725166298162
ABPR 3mo,0.0578296205613727,0.18780477808439686
