,Intercept,Beta
ABNR 1mo,0.04651294521821344,0.14775710941929202
ABNR 2mo,0.04853257357571911,0.10944823967679779
ABNR 3mo,0.0469769756959923,0.139899621924786
ABPR 1mo,0.061355074017002915,0.14846089910764307
ABPR 2mo,0.062203204278901844,0.1374567426668605
ABPR 3mo,0.060224542116280144,0.16131730106759368
