,NR,ABNR,PR,ABPR,Lead_NR,Lead_ABNR,Lead_R,Lead_ABPR
NR,1.0,0.9060993672879143,0.49055923767374443,0.30217890384278295,0.9989760171588801,0.900498174259555,0.4863983094202809,0.29248976870442717
ABNR,0.9060993672879143,1.0,0.26448965219205206,0.16351664420855444,0.9124415617216078,0.9994160066225632,0.26283783411540834,0.15829817181781788
PR,0.49055923767374443,0.26448965219205206,1.0,0.9390091282896599,0.4828125449423663,0.25818529350170627,0.9993555654859927,0.9329105874594856
ABPR,0.30217890384278295,0.16351664420855444,0.9390091282896599,1.0,0.29766121364288256,0.16052967061545398,0.9424063309598305,0.999402287745448
Lead_NR,0.9989760171588801,0.9124415617216078,0.4828125449423663,0.29766121364288256,1.0,0.9077513433561193,0.47848953098897434,0.28805893488168316
Lead_ABNR,0.900498174259555,0.9994160066225632,0.25818529350170627,0.16052967061545398,0.9077513433561193,1.0,0.25647493124048765,0.15521749479400423
Lead_R,0.4863983094202809,0.26283783411540834,0.9993555654859927,0.9424063309598305,0.47848953098897434,0.25647493124048765,1.0,0.9369923285829737
Lead_ABPR,0.29248976870442717,0.15829817181781788,0.9329105874594856,0.999402287745448,0.28805893488168316,0.15521749479400423,0.9369923285829737,1.0
