,NR,ABNR,PR,ABPR,Lead_NR,Lead_ABNR,Lead_R,Lead_ABPR
NR,1.0,-0.17573632388584917,-0.3468529009596656,0.14464107778301794,0.9960268916446142,-0.28210870826950496,-0.33231507992796516,0.18840288603274274
ABNR,-0.17573632388584917,1.0,0.16655799890612003,0.25168919886346963,-0.18269866847899915,0.9058865111771379,0.16713352214415908,0.17909494672486487
PR,-0.3468529009596656,0.16655799890612003,1.0,-0.014136827270199277,-0.34617481331427935,0.20691897780249066,0.9943918119191467,-0.031390945516705696
ABPR,0.14464107778301794,0.25168919886346963,-0.014136827270199277,1.0,0.12585899919710844,0.008678632970591432,0.0009095417808881966,0.9344103308231613
Lead_NR,0.9960268916446142,-0.18269866847899915,-0.34617481331427935,0.12585899919710844,1.0,-0.25768314185185526,-0.3350438027969022,0.16048925132459133
Lead_ABNR,-0.28210870826950496,0.9058865111771379,0.20691897780249066,0.008678632970591432,-0.25768314185185526,1.0,0.19156911714955893,-0.08055204308387047
Lead_R,-0.33231507992796516,0.16713352214415908,0.9943918119191467,0.0009095417808881966,-0.3350438027969022,0.19156911714955893,1.0,0.018400388996345034
Lead_ABPR,0.18840288603274274,0.17909494672486487,-0.031390945516705696,0.9344103308231613,0.16048925132459133,-0.08055204308387047,0.018400388996345034,1.0
