,Mean,SD,Skew,Kurt,Min,1%,5%,10%,25%,Median,75%,90%,95%,99%,Max
NR,0.23152850302454292,0.01250384843829335,0.34359832679993896,0.7071273493613686,0.1967542558883263,0.20440874220200117,0.21244648690915713,0.2163701522284896,0.22328828239561993,0.23059444351708933,0.24024870226617479,0.24808226839493538,0.2516008863353759,0.2606042599017213,0.2838556348019766
ABNR,0.05443153436368446,0.006115429515259966,0.5554111988214697,1.2189022762214377,0.03843750566683967,0.04226598651003398,0.04512736837370709,0.04731011352659098,0.05034510853726067,0.05384713435209544,0.058751754419245135,0.06263929699144598,0.06441247854067703,0.06947307434099005,0.08248035070621199
PR,0.26628006084296135,0.011756011749076806,-0.02862104557538117,0.6310233451585843,0.21584736470854646,0.24155453463180315,0.24761183322904054,0.25162927636034416,0.25841404793798983,0.26609399176712417,0.27420844231297825,0.2805283729437368,0.28582977844670776,0.29294156996791776,0.30459359214037457
ABPR,0.07217962467895718,0.006350115050189947,0.18314627516829843,0.40408635698722417,0.04851413970801608,0.05917562972943992,0.06228584620340001,0.0644618609465275,0.06772436353917966,0.07192947304749982,0.07627423034364518,0.07979219886469842,0.08330377439349673,0.08755552811389153,0.09343069689477404
