,NR,ABNR,PR,ABPR,Lead_NR,Lead_ABNR,Lead_R,Lead_ABPR
NR,1.0,-0.47570196101493134,0.3676526776152912,-0.45574253047831026,0.998751540639333,-0.5003124213599184,0.35979888415157135,-0.45784983891007386
ABNR,-0.47570196101493134,1.0,-0.49395666486412876,0.9576327524861841,-0.45657251912343777,0.991663246697435,-0.47096195588890755,0.9593974011149713
PR,0.3676526776152912,-0.49395666486412876,1.0,-0.4847581847445064,0.3608060969995533,-0.506133529859453,0.998635543402029,-0.49239615299587475
ABPR,-0.45574253047831026,0.9576327524861841,-0.4847581847445064,1.0,-0.43663750094456827,0.9476837524030546,-0.4605619168139361,0.9972702339799128
Lead_NR,0.998751540639333,-0.45657251912343777,0.3608060969995533,-0.43663750094456827,1.0,-0.48047162954641354,0.3528436277519184,-0.43952202998650897
Lead_ABNR,-0.5003124213599184,0.991663246697435,-0.506133529859453,0.9476837524030546,-0.48047162954641354,1.0,-0.4845699320783296,0.951566951409665
Lead_R,0.35979888415157135,-0.47096195588890755,0.998635543402029,-0.4605619168139361,0.3528436277519184,-0.4845699320783296,1.0,-0.46595335610163535
Lead_ABPR,-0.45784983891007386,0.9593974011149713,-0.49239615299587475,0.9972702339799128,-0.43952202998650897,0.951566951409665,-0.46595335610163535,1.0
