,Mean,Median,Min,Max,SD
NR,0.25866137892431096,0.26074794424076714,0.014312641106899476,0.33202933872790336,0.021559106789738467
ABNR,1.023604972493672,1.0000594810698402,0.9656877788785325,2.070818782492507,0.07589973057954737
PR,0.2304646290517623,0.23216779897401904,0.04592953342953342,0.30852518693427783,0.02320730385379311
ABPR,1.0317056341743522,1.0088554356636168,0.9643178846612126,1.5991924253308092,0.07242750208565156
