,NR,ABNR,PR,ABPR,Lead_NR,Lead_ABNR,Lead_R,Lead_ABPR
NR,1.0,0.992219156904347,-0.34685290095966587,-0.36063545429809235,0.9960268916446129,0.9921884074554491,-0.3323150799279659,-0.35197547858959816
ABNR,0.992219156904347,1.0,-0.36431310952290846,-0.3776688591983512,0.9881465871017645,0.998680538302871,-0.34995885729199544,-0.3690432644251564
PR,-0.34685290095966587,-0.36431310952290846,1.0,0.9898627375784905,-0.3461748133142798,-0.3637149293551885,0.9943918119191468,0.9911895326154543
ABPR,-0.36063545429809235,-0.3776688591983512,0.9898627375784905,1.0,-0.35905285576382384,-0.3765369125820731,0.9822647541810496,0.9981716776683568
Lead_NR,0.9960268916446129,0.9881465871017645,-0.3461748133142798,-0.35905285576382384,1.0,0.9924556774910865,-0.3350438027969025,-0.3523653830358271
Lead_ABNR,0.9921884074554491,0.998680538302871,-0.3637149293551885,-0.3765369125820731,0.9924556774910865,1.0,-0.3511261078288845,-0.3689551490411694
Lead_R,-0.3323150799279659,-0.34995885729199544,0.9943918119191468,0.9822647541810496,-0.3350438027969025,-0.3511261078288845,1.0,0.9896844875480585
Lead_ABPR,-0.35197547858959816,-0.3690432644251564,0.9911895326154543,0.9981716776683568,-0.3523653830358271,-0.3689551490411694,0.9896844875480585,1.0
