,Mean,SD,Skew,Kurt,Min,1%,5%,10%,25%,Median,75%,90%,95%,99%,Max
NR,0.25677515799292905,0.025030661795845597,-2.344035690428926,15.088106305812241,0.0014610389610389609,0.18003474307900144,0.2076639026399792,0.2291861138153004,0.24861275088547813,0.260160876249393,0.2706127836809655,0.28019020231938885,0.28718401260267284,0.30069429197419617,0.3273262356994414
ABNR,0.06946664840030617,0.009982858518914794,-0.5662718753792518,5.467748933521753,1.1263070042830834e-05,0.04422803296173136,0.054073505544401525,0.05864688784808759,0.06391655310712752,0.06947800240532608,0.07511549115937752,0.08086821310792498,0.08470285987082404,0.09466031442997086,0.1129362208672025
PR,0.2262443827966963,0.027245308950240365,-1.3909458085329847,5.623411346842666,0.013475924660135185,0.14480040781476186,0.17260582873621147,0.19273896403083005,0.21459288429982207,0.22989895537742425,0.24278168446828732,0.2540959262251128,0.26103978092614455,0.27979270950562807,0.3028309985247784
ABPR,0.054131795542093776,0.010353293394346073,-0.09609005764683973,2.1486118820452895,0.0012549151919411426,0.025334198350894732,0.038159428565824424,0.042069062199698505,0.04805078164258292,0.05406160850749518,0.060255119623841835,0.06599266036024559,0.07012556302476372,0.08227885493979191,0.09628660674736558
