,Mean,Median,Min,Max,SD
NR,0.2606493456200483,0.26266009088377507,0.001607142857142857,0.3364521467810942,0.022636118275124975
ABNR,1.0356732466563758,1.0098948930313243,0.9746262151847518,1.8658536585365852,0.08175387806716765
PR,0.2285591786599592,0.23049213943950786,0.014823517126148704,0.30763708513708515,0.02481913268127024
ABPR,1.028008695753079,1.0025144722519836,0.9603145214669655,1.7449243359456763,0.08124994834265116
