,RET(1)_1,RET(1)_2,RET(1)_3,RET(1)_4,RET(1)_5
Intercept,0.003917090666207976,2.0599338349082527e-05,1.9548632331438292e-05,1.2428879175149445e-05,1.2456214096725824e-05
